book_id,title,description
9788932043531,소설 보다 : 봄 2025,"독자에게 늘 기대 이상의 가치를 전하는 특별 기획, 『소설 보다 : 봄 2025』이 출간되었다. 『소설 보다 : 봄 2025』에는 2025년 봄 ‘이 계절의 소설’ 선정작인 강보라의 「바우어의 정원」, 성해나의 「스무드」, 윤단의 「남은 여름」 총 세 편과 작가 인터뷰가 실렸다."
9788954790895,EBS 수능특강 연계 기출 문학작품 연계 기출2 고전 산문·현대 소설 (2025년) - 2026학년도 수능 대비,『수능특강 문학』에 수록된 지문과 연관성이 있는 기출 문항을 풀어 봄으로써 연계교재에서 출제되지 않은 나머지 문항도 대비 가능한 교재다. 수능특강 수록 작품과 수록 작가의 또 다른 작품을 다른 기출문제를 수록하였다. 신뢰도 있는 기출 문항을 수록하여 연계와 비연계를 동시에 대비할 수 있다.
9791197221989,"첫 여름, 완주",세심한 온정의 세계를 빚어내는 우리 시대의 작가 김금희의 장편소설. 돈을 갚지 않고 사라진 선배 고수미의 고향 완주 마을을 찾은 성우 손열매는 그곳에서 합동 장의사 겸 매점을 운영하는 수미 어머니의 집에 머물게 된다. 오갈 데 없는 처지에 목소리에까지 이상이 생긴 열매는 수미 어머니의 매점을 지키며 각양각색의 동네 사람들을 만난다.
9788965820475,"한국단편소설 40 - 중고생이 꼭 읽어야 할, ‘인물 관계도’ 수록, 개정증보판","중고등학교 교과서와 교육 과정에 꼭 포함되는 필독 작품을 선정했고, 수능·논술·내신을 위해 충실한 작품 해설을 실었다. 한 권에 가장 많은 40편의 작품을 수록하면서도 전문을 실어 완전한 감상을 할 수 있도록 했다."
9791197325892,음악소설집 音樂小說集,"음악 전문 출판사 ‘프란츠’가 선보이는 첫 소설 앤솔러지 『음악소설집音樂小說集』. 한국문학을 대표하는 다섯 소설가인 김애란, 김연수, 윤성희, 은희경, 편혜영의 음악을 테마로 한 신작 단편소설이 실렸다. 일상에서 마주치는 다채로운 음악의 장면들을 섬세하게 포착한 다섯 개의 이야기를 통해, 삶의 어떤 순간이라도 음악이 될 수 있다는 것을 깨닫게 한다."
9788932924939,소설을 쓸 때 내가 생각하는 것들 - 셰익스피어 앤드 컴퍼니 인터뷰집,당대 거장 작가들이 모여들었던 주요한 장소이자 문학과 예술을 사랑하는 이들에게 문화적인 상징으로 자리 잡은 파리의 서점 〈셰익스피어 앤드 컴퍼니〉. 『소설을 쓸 때 내가 생각하는 것들』은 2012년부터 2022년까지 바로 그 셰익스피어 앤드 컴퍼니에서 10년간 진행되었던 작가와의 대화 중 최고의 인터뷰를 엄선한 대담집이다.
9788936434595,채식주의자 (리마스터판) - 2024 노벨문학상 수상작가,2016년 인터내셔널 부커상을 수상하며 한국문학의 입지를 한단계 확장시킨 한강의 장편소설. 상처받은 영혼의 고통과 식물적 상상력의 강렬한 결합을 정교한 구성과 흡인력 있는 문체로 보여주며 섬뜩한 아름다움의 미학을 한강만의 방식으로 완성한 역작이다.
9788936434120,소년이 온다 - 2024 노벨문학상 수상작가,섬세한 감수성과 치밀한 문장으로 인간 존재의 본질을 탐구해온 작가 한강의 여섯번째 장편소설. '상처의 구조에 대한 투시와 천착의 서사'를 통해 한강만이 풀어낼 수 있는 방식으로 1980년 5월을 새롭게 조명한다.
9788954682152,"작별하지 않는다 - 2024 노벨문학상 수상작가, 한강 장편소설",2016년 &lt;채식주의자&gt;로 인터내셔널 부커상을 수상하고 2018년 &lt;흰&gt;으로 같은 상 최종 후보에 오른 한강 작가의 5년 만의 장편소설. 2019년 겨울부터 이듬해 봄까지 계간 &lt;문학동네&gt;에 전반부를 연재하며 큰 관심을 모은 작품이다.
9791130822211,2025 올해의 문제소설 - 현대문학 교수 350명이 뽑은,2024년 한 해 동안 문예지에 발표된 중·단편소설 중 한국현대소설학회에서 선정한 11편의 작품을 수록한 『2025 올해의 문제소설』이 푸른사상사에서 출간되었다. 다양한 서사 문법과 편폭을 통해 새로운 시장을 만들어가는 작가들의 새로운 문학적 감각과 세대적 감수성을 만나볼 수 있다.
9791171717354,아빠 소설,“하지만 세상에는 ‘아버지의 어딘가 좀 망가진 자식’도 있는 법이다” 상처 입고 망가져도 다시 한번 ‘진격’하는 닉네임 ‘리타’ 이연숙 첫 소설!
9791190749879,"북마녀의 웹소설 프로듀싱 아카데미 - 신인 작가, 신입 PD를 위한 출판 시스템 완벽 공략집","웹소설 PD와 작가 지망생, 웹소설 출판사를 창업하고자 하는 이들을 위해 웹소설 출판 시스템을 완벽하게 정리했다. 독자, 플랫폼, 장르 등 웹소설 시장의 중요한 특성과 웹소설 PD의 실무를 단계별로 상세히 소개하고 ‘책 속 부록’에서 웹소설 부서 세팅하는 법을 알려준다."
9788965823148,한국단편소설 50 - 중고생이 꼭 읽어야 할,"중고등학교 교과서와 교육 과정에 꼭 포함되는 필독 작품을 선정했고, 수능·논술·내신을 위해 충실한 작품 해설을 실었다. 한 권에 가장 많은 50편의 작품을 수록하면서도 전문을 실어 완전한 감상을 할 수 있도록 했다."
9791198948731,블랙북,"반 아이들과 함께 도서관 책 정리를 하던 날. 자발적으로 그 어떤 청소 모둠에도 끼지 않은 중3 재승은 우연히 창고에서 타지도, 젖지도, 찢어지지도 않는 책 한 권을 발견한다. 표지는 물론 오늘 날짜가 쓰인 페이지만 하얀색이고 나머지 페이지들은 모두 검은색인 독특한 책. 알고 보니 이 책에는 내일 일어날 일을 미리 알려 주는 기이한 힘이 있었고, 재승은 이에 ‘블랙북’이라는 이름을 붙여 준다."
9791141601713,"흰 - 2024 노벨문학상 수상작가, 한강 소설","태어난 지 두 시간 만에 세상을 떠난, 얼굴도 모르는 자신의 언니와 첫 딸을 홀로 낳고 잃은 젊었던 어머니에 대한 기억이 작가에게 있었다. “솜사탕처럼 깨끗하기만 한 ‘하얀’과 달리 ‘흰’에는 삶과 죽음이 소슬하게 함께 배어 있다. 내가 쓰고 싶은 것은 ‘흰’ 책이었다. 그 책의 시작은 내 어머니가 낳은 첫 아기의 기억이어야 할 거라고, 그렇게 걷던 어느 날 생각했다”는 작가는 그 기억에서 시작해 총 65개의 이야기를 『흰』에 담았다."
9788925568584,작은 아씨들 (영화 공식 원작 소설·오리지널 커버),그레타 거윅 감독의 영화 &lt;작은 아씨들&gt; 속 ‘조의 책’을 그대로 재현한 오리지널 커버 특별판. 각자 다른 꿈을 꾸며 자신의 삶을 주체적으로 꾸려가면서도 따스한 가족의 사랑을 전하는 네 자매의 이야기는 여성들에게 사회적 제약이 심하던 그 시절부터 여성들에게 도전을 꿈꾸게 했다.
9791189228361,땀 흘리는 소설,"현직 교사들이 사회에 첫발을 내딛을 제자들을 걱정하며, 앞으로의 사회생활에 지표가 되어 줄 8편의 소설을 가려 엮은 책. 책에는 동시대 청년들의 애환을 섬세하게 그려 내고 있는 작가 8명의 단편 소설이 실려 있다."
9788965823582,한국고전소설 45 - 중고생이 꼭 읽어야 할,"쉽고 재미있는 고전 문학 공부를 위해 다양한 장치를 활용했다. 어려운 어휘는 바로 옆에서 풀이했고, 본문 중간중간 주석을 달아 작품을 쉽게 이해할 수 있도록 구성했다. 수능·논술·내신을 위해서 ‘작품 길잡이’, ‘구성과 줄거리’, ‘생각해 볼까요?’ 등으로 작품을 상세히 분석했다."
9791139224696,소설 답 - 빛의 시크릿 심화편,지구의 인간체험을 선택했던 한 영혼이 지구별에서 깨어나는 과정을 통해 얻게 된 모든 답들을 정리한 보고서. 이 책을 통해 인간 안에 갇힌 지친 영혼들의 무거운 에너지가 정화되고 자신 안의 신성과 권능이 살아나 창조의 기쁨을 누리는 상태를 회복하는 데 도움이 되길 바란다
9788932043395,소설 보다 : 겨울 2024,"2024년 겨울 ‘이 계절의 소설’ 선정작인 성혜령의 「운석」, 이주혜의 「여름 손님입니까」, 이희주의 「최애의 아이」 총 세 편과 작가 인터뷰가 실렸다. 해당 작품은 제14회 문지문학상 후보에 포함되었다. 선정위원(강동호, 소유정, 이소, 이희우, 조연정, 홍성희)의 자유로운 토론을 거쳐 선정한 작품들의 심사평은 문학과지성사 웹사이트에서 확인할 수 있다."
9788937463006,이상 소설 전집,이상 소설 전집. 실험적 구성과 파격적 문체를 통해 식민지 근대 한국과 그 시기를 살아 낸 사람들의 혼란스럽고 불안한 내면 심리를 형상화한 이상. 실험성과 전위성으로 인해 오늘날에도 다양한 비평 담론과 논쟁을 야기하는 이상의 소설을 한 권에 엮었다.
9788965820499,"한국고전소설 40 - 중고생이 꼭 읽어야 할, 개정증보판","청소년 문학 분야 베스트셀러인 &lt;한국고전소설 35&gt;의 개정 증보판이다. 중고등학교 교과서 개정과 교육 과정 개편에 따라 꼭 포함되야 할 필독 작품을 빠짐없이 추가하고, 수능·논술·내신을 위해 내용을 충실하게 보완했다."
9788965820482,"한국단편소설 70 - 중고생이 꼭 읽어야 할, ‘인물 관계도’ 수록, 개정증보판",『한국단편소설 40』에 이어 수능·논술·내신을 위해 청소년이 꼭 읽어야 할 한국 단편 소설 30편을 추가로 엄선했다. 단편 소설 70편의 전문을 수록해 완전한 감상을 유도한다. 또한 풍부하고 충실한 해설을 담아 이해를 돕는다.
9788936458812,국어 교과서 작품 읽기 중2 소설 (전면개정판),2010년 첫 선을 보인 이래 지금까지 170만 독자에게 선택받은 검증된 시리즈 ‘국어 교과서 작품 읽기’가 전면 개정판으로 완전히 새로워졌다. 이번에 다시 한번 개정된 교육 과정에 맞추어 2019학년도 중2 국어 교과서에 대비하는 전면 개정판을 낸다.
9788936431440,국어 교과서 작품 읽기 중1 소설 (최신개정판),"개정 교육 과정에 따른 교과서 10종 가운데 어느 것을 배우는 학생이나 꼭 읽어야 할 시, 소설, 수필·비문학 글들을 소개한다. 여러 교과서에 중복해서 실린 필수 작품, 시대의 변화에 발맞추어 교과서에 처음 수록된 작품 등을 다채롭게 엮었다."
9788932042343,소설 보다 : 겨울 2023,"독자에게 늘 기대 이상의 가치를 전하는 특별 기획, 『소설 보다: 겨울 2023』이 출간되었다. 2023년 겨울 ‘이 계절의 소설’ 선정작인 김기태 「보편 교양」, 성해나 「혼모노」, 예소연의 「우리는 계절마다」 총 3편과 작가 인터뷰가 실렸다."
9788965820512,"세계단편소설 40 - 중고생이 꼭 읽어야 할, 개정증보판","중고등학교 교과서 개정과 교육 과정 개편에 따라 꼭 포함돼야 할 필독 작품을 빠짐없이 추가하고, 수능.논술.내신을 위해 내용을 충실하게 보완했다. 40편이란 최다 작품을 수록하면서도 전문을 실어 완전한 감상을 할 수 있도록 했다."
9791194523185,소설의 기술 - 젊은 작가들을 위한 창작 노트,존 가드너는 소설가로 유명했던 것만큼이나 문예창작론 강사로도 유명했다. 자신이 했던 수업과 세미나에 기초한 이 실용적이고 유익한 안내서에서 그는 훌륭한 글의 원리와 테크닉을 간단하고도 설득력 있게 설명한다.
9788932042824,소설 보다 : 여름 2024,"독자에게 늘 기대 이상의 가치를 전하는 특별 기획, 『소설 보다 : 여름 2024』가 출간되었다. 2024년 여름 ‘이 계절의 소설’ 선정작인 서장원의 「리틀 프라이드」, 예소연의 「그 개와 혁명」, 함윤이의 「천사들(가제)」 총 세 편과 작가 인터뷰가 실렸다."
9791136734518,소설 주술회전 1 - 떠나가는 여름과 돌아오는 가을,"사토자쿠라 고등학교에서 사건이 벌어진 뒤, 이타도리는 어떤 저주 때문에 고민하는 소년을 만난다. 아무리 쓰러뜨려도 계속 부활하며 소년을 공격하는 저주. 그리고 준페이를 구하지 못했다는 후회로 자신감을 잃은 이타도리에게 고죠는 어떤 질문을 던지는데…."
9791173474774,어려움을 현명하게 해결하는 법 - 마음의 힘을 키우는 25가지 철학자의 생각,"전 세계적인 사랑을 받는 철학자, 알랭 드 보통과 함께하는 인생학교에서 어떻게 살아야 할지 고민인 청소년들을 위한 『어려움을 현명하게 해결하는 법』을 출간했다. 앞서 꿈과 진로에 대해 고민이 많은 청소년을 위한 『뭐가 되고 싶냐는 어른들의 질문에 대답하는 법』, 마음이 힘들고 지친 청소년을 위한 『행복하냐는 질문에 대답할 수 없다면』에 이어, 이번에는 살면서 마주하는 크고 작은 어려움 앞에서 좌절하지 않고 현명하게 해결하는 법을 제시한다."
9788979521139,"20대, 자기계발에 미쳐라 - 20대를 변화시키는 30일 플랜",&lt;20대를 변화시키는 30일 플랜&gt; 개정판. 10년 간의 노력 끝에 작가의 꿈을 이룬 저자가 자신의 경험을 바탕으로 '20대를 위한 자기계발 30일 플랜'을 제시한다.
9788989313694,배려 - 마음을 움직이는 힘,"성공이란, 상대가 원하는 것을 충실하게 주다 보면 자연스럽게 돌아오는 대가이다. 경쟁자를 쓰러뜨리거나 누군가를 밟고 일어선다고 해서 이룰 수 있는 것이 아니다. 성공 자체만을 목표로 하고 달려가는 사람은 결코 성공할 수 없다. '배려'와 '나눔'은 타인이 아닌 결국 나 자신을 위한 배려이다."
9791164452712,"데일 카네기 인간관계론 + 자기관리론 + 성공대화론 (합본, 무선)",데일 카네기 자기계발 시리즈 세 권이 합본으로 출간되었다. 세 권의 책을 하나의 책으로 묶은 《데일 카네기 자기계발 시리즈》로 자기계발의 신화이자 행복과 성공의 핵심 비법을 전한 데일 카네기의 이론과 실천법을 만나보자.
9788971993651,자유의 의지 자기계발의 의지 - 신자유주의 한국사회에서 자기계발하는 주체의 탄생,"한국사회의 다양한 층위, 구체적인 맥락에서 신자유주의라는 새로운 주체 형성의 논리가 어떻게 스며들고 작동하는지 살펴본다. 신자유주의를 사회, 정치, 행정, 교육, 문화 등 자본주의 사회의 전 분야를 총체적으로 조직하는 '새로운 합리성'으로 바라보고 근본적인 분석을 시도하는 것. 이 책은 1980년대 산업구조조정에서부터 20년간의 흐름이 '자기계발하는 주체'라는 새로운 주체화 방식에 있음을 섬세하게 보여준다."
9791157847921,하루 영어 한 문장 100일 쓰기 : 감성고전편 - 아주 보통의 하루를 위한 필사,"작심삼일러도 끝내 성공할 수 있는 영어 공부법이 있다. 매일 조금씩 쓰기만 하면 되는 '하루 영어 한 문장 100일 쓰기' 빨강머리 앤, 피터 래빗, 이상한 나라의 앨리스 등 추억 속 명작의 문장을 필사하면서 영어 실력도 쌓고, 감성도 충전할 수 있는 기적의 루틴. 100일만 지나면 영어 공부가 습관이 되고, 영어에 대한 감각이 달라진다."
9788937456640,알고리즘에 갇힌 자기 계발 - 편리하고 효율적이거나 지치고 불안하거나,기술 발달로 무한히 확장하는 자기 계발의 현주소를 점검하고 강박적인 자기 계발 문화를 탈피하는 새로운 시각을 모색한다. 자신을 더 이해하고 성장하고 싶은 모든 독자를 위한 ‘메타 자기계발서’라 하겠다.
9791167700674,자기계발의 말들 - 더 나은 내가 되기 위한 정확한 연습,"‘똘망똘망 다람이’ 이모티콘의 제작자이자, ‘재수의 연습장’ SNS 계정에 끊임없이 새롭고 독창적인 그림을 선보이며 일상의 빛나는 순간을 포착하는 만화가 재수 작가가 이번 신작 에세이에서는 ‘건강한’ 자기계발이 무엇인지에 관해 이야기한다."
9788960860193,경청 - 마음을 얻는 지혜,'듣는 사람'보다 '말하는 사람'이 더 많은 이 시대와 우리 사회에 가만히 상대에게 귀 기울여 듣는 것이 얼마나 위대한 소통의 지혜인지 일깨워주는 드라마틱한 책이다.
9772383984000,자기 계발 심리학의 명과 암,"유튜브 알고리즘을 타고 우리 삶에 파고든 자기 계발 심리학 열풍. 자기 계발 심리학은 우리를 구원할 구원자일까, 아니면 소문만 무성한 유행에 지나지 않을까? 이번 호 커버스토리에서 자기 계발 심리학을 비판적 관점에서 검토해본다."
9791187875475,"걱정하지 마라 생각대로 된다 - 시대를 초월한 자기계발 고전, 얼 나이팅게일의 12가지 가르침","20세기 최고의 동기부여 연설가이자 작가인 얼 나이팅게일의 《걱정하지 마라 생각대로 된다》가 출간되어 화제다. 이 책은 밥 프록터가 7년 동안 1만 번 이상 들으며 자신의 프로그램 첫 번째로 구성한 전설의 오디오 &lt;마법의 단어&gt;가 실린 책으로도 유명한데, 이번에 나이팅게일-코넌트 그룹과 정식계약 후 국내에 처음으로 선보이게 되었다."
9791166571404,세계 자기계발 필독서 50 - 데일 카네기부터 찰스 두히그까지 자기계발 명저 50권을 한 권에,데일 카네기에서 찰스 두히그까지 자기계발 명저 50권을 한 권에 정리한 책이 출간됐다. 수없이 쏟아져 나오는 자기계발서의 원류라 평가 받는 명저 50권을 엄선해 한 권당 10분이면 읽을 수 있도록 핵심만 추려 쉽게 소개하는 책이다.
8809914422449,데일 카네기 365일 자기계발 일력 - 데일리 탁상 달력,"매일 한 장씩 넘겨볼 수 있는 데일리 캘린더다. 20세기 이후 최초의 자기계발서라고 불리는 데일 카네기의 저서 중 인간의 가장 본질적인 고민이자 걱정거리인 친구를 만드는 법, 사람을 다루는 법, 대화하는 법 등에 대한 해답을 담은 5권의 저서 속 명언을 일력에 담았다."
9788998625511,자기계발 불변의 법칙 - 인생을 바꾸는 기적의 자기계발 수업,왜 자기계발서를 아무리 읽어도 삶은 그대로일까? 왜 나의 결심은 이토록 오래가지 못하는 걸까? 꼭 이루고 싶은 꿈이 있고 꾸준히 노력하는데도 달라지는 게 없다면 김현두 코치의 이야기는 당신의 삶을 뿌리째 바꿔주기에 충분하다. 이 책은 자기계발의 원리와 최적의 방법론을 누구에게나 적용할 수 있게끔 정리했다.
9791164139088,뭐가 되고 싶냐는 어른들의 질문에 대답하는 법 - 나에게 딱 맞는 직업을 찾는 15가지 질문,"일상의 철학자, 알랭 드 보통이 꿈, 진로, 미래가 막막한 이들에게 전하는 진솔한 조언과 빛나는 통찰. 알랭 드 보통은 장래 희망을 묻는 어른들의 태도를 비판하는 한편, 직업과 진로를 새로운 관점으로 비틀어 보면서 자신에게 딱 맞는 일을 찾는 여정으로 어린이들을 인도한다."
9791161260471,인성함양과 자기계발 - 이해와 실천,
9788997066018,자기계발의 덫,"세상을 현혹하고 있는 유명 자기계발서들의 허와 실을 낱낱이 파헤친다. 사회학자이자 문화비평가인 저자는 날카로운 사회학적 통찰로 전 세계를 휩쓸고 있는 자기계발 문화의 함정을 폭로한다. 더불어, 무한경쟁을 강요하는 신자유주의 경제체제하에서 끊임없이 자기계발하라는 압박에 시달리는 현대인의 불안한 초상을 신랄하게 묘사한다. 이 책은 수많은 자기계발서들의 의의와 한계를 체계적으로 고찰하면서, 경쟁과 과로로부터 자유로운 영혼이 되기 위한 방법, 즉 ‘진정한 자기계발’에 이르는 길을 제시한다."
9791197918100,자기계발 수업 - 인류의 성장 열망이 이끌어낸 열 가지 핵심 주제,"자기계발의 역사는 소크라테스 시대와 고대 중국 문헌, 천주교와 불교의 가르침까지 거슬러 올라간다. 이 책은 동서양의 철학자, 현자, 신학자들이 수천 년간 연구하고 반성하고 벼려낸 ‘좋은 삶을 꾸려내는 핵심 아이디어’를 열 가지로 추려 오늘날 자기계발과 어떻게 연결되는지 살핀다."
9788960861565,어린이를 위한 배려 - 엄마와 아이가 함께 감동한 베스트셀러 &lt;배려&gt;의 아동판,"엄마와 아이가 함께 감동한 베스트셀러 &lt;배려&gt;의 아동판으로, 아이들에게 배려가 무엇이며, 왜 중요한지를 일깨워주기 위해 나온 책이다. 일등만이 최고이며 경쟁에서는 무조건 이겨야 한다고 강요받는 아이들에게, 함께 나누며 사는 것이 가장 아름다운 모습임을 보여주는 순수 창작 동화이다. 부록에서는 실생활에서 배려를 어떻게 실천해야 하는지에 대해 구체적인 사례를 통해 어린이들에게 알려준다."
9791191769708,영원히 날씬할 방법을 찾고 있어,"체중 감량을 식단 관리, 운동, 특정 규칙 없이 성공하도록 돕는 책이다. 책의 저자는 영국에서 가장 많이 팔린 자기계발 분야의 저자이며 NLP(신경 언어 프로그래밍) 권위자다. 책에는 그의 가르침이 그대로 풀이돼 있으며 대표 사상, 네 가지 황금률만을 비중 있게 다뤘다."
9788960860384,어린이를 위한 끈기 - 나 자신을 이기는 힘,"주인공 나태한이 마음 속에 있는 ""귀차니즘"" 이라는 못된 괴물을 몰아내고 끈기 있게 자신의 목표를 향해 나아가는 이야기를 담았다. 숙제도 안 해가고, 학원도 일주일도 못돼서 그만 두고, 수학 문제 푸는 것도 힘들어 하던 나태한은 '붕어빵' 을 키우기 위해 이 모든 것을 다 이겨낸다."
9791187809562,장병 자기계발 완벽 가이드북 - 군 생활 자기계발 4단계 로드맵,군 복무 기간을 성장의 시기로 바라보는 장병들을 돕기 위해서 집필되었다. 군 생활의 기간이 공백기가 아니라 충분히 의미 있는 자기계발의 시간이 되어야 한다.
,만화로 읽는 초등 자기계발 시리즈 1~2권 세트/스크레치북 증정 - 나를 지키고 너를 사랑하는 관계 맺기 연습/어린이 자신감 연습,
9788950935481,2012년 자기계발을 위한 트렌드 키워드,"각종 교육 현장과 TV, 라디오 등에서 종횡무진 활동하며 국민강사로 불리는 김미경이 2012년의 트렌드를 예측한다. 저자는 “트렌드를 통해 미래의 나를 예언하라”라고 말한다. 사람들이 가장 목말라하는 자기계발의 2012년 트렌드를 짚어줄 테니 그것을 바탕으로 자신의 미래를 개척해나가라는 뜻이다."
9791163285861,자기계발과 직업 - 제4판,제4판에서는 가급적 초판의 틀을 유지하려고 노력하였다. 기존의 틀과 내용을 바탕으로 일부 수정하거나 내용을 보완하는 데 중점을 두었다. 자기계발과 관련된 내용의 이해를 위한 기초적인 지식과 내용을 확장하고 보충하는 데 초점을 맞추었다.
9791166470523,자기계발과 인성 - 4차 산업혁명 시대에 나의 삶과 진로 & 취.창업 길라잡이,
9788960860711,어린이를 위한 자율 - 스스로 행동하는 힘,두나라는 주인공을 통해 자율의 의미와 그 필요성을 배우고 아이 스스로 자율성을 발휘하도록 돕는 자기계발동화. 앞서 출간된 '어린이를 위한' 시리즈의 다섯 번째 책이다. 아이들에게 스스로 자신의 삶을 주도해 나가는 의지와 즐거움을 깨닫게 하고자 씌어졌다.
9788960860278,어린이를 위한 화해,"<어린이를 위한 배려>의 후속작으로, 전지은 작가와 김성신 그림작가가 <어린이를 위한 배려>에 이어 두번째로 함께 작업하였다. 아이들이 경험하게 되는 화해와 용기의 놀라운 힘과 그로 인해 마음의 키가 부쩍 자라게 되는 아이들에 대해 이야기하는 책이다."
9791157842131,"하루 3줄 영어 일기 - 조금씩, 매일, 계속! 영어가 일취월장하는 3대 습관","꾸준히 하기 어려운 영어 공부와 일기 쓰기를 결합해서 일상에서 영어를 구사하는 시간을 만들어주고, 영어로 자신의 이야기를 표현하는 힘을 길러주기 위해 기획되었다. 본인에게 맞는 방식으로 자유롭고 즐겁게 딱 3줄로 영어 일기를 써보자.  영어 실력이 향상되고 더불어 영어를 꾸준히 사용하는 습관도 기를 수 있다."
9791164452729,"데일 카네기 인간관계론 + 자기관리론 + 성공대화론 (합본, 양장)",데일 카네기 자기계발 시리즈 세 권이 합본으로 출간되었다. 세 권의 책을 하나의 책으로 묶은 '데일 카네기 자기계발 시리즈'로 자기계발의 신화이자 행복과 성공의 핵심 비법을 전한 데일 카네기의 이론과 실천법을 만날 수 있다.
9791194413257,"김태형의 교양 심리학 - 과학적이고 진보적인, 새로 쓰는 심리학 개론","‘싸우는 심리학자’로 유튜브 방송 등에서 대중의 뜨거운 사랑을 받고 있는 김태형 소장의 본격 심리학 강의! 이 책은 기존의 주류 심리학이 인간을 ‘머리에 컴퓨터를 단 똑똑한 동물’, 즉 기본적으로 생물학적인 존재로 바라보는 관점에 반대하며, ‘사회적 존재’로서의 진짜 인간을 탐구하는 새로운 심리학 개론서다."
9791191056372,돈의 심리학 (30만 부 기념 스페셜 에디션) - 당신은 왜 부자가 되지 못했는가,월스트리트저널에서 10년 넘게 금융과 투자에 대한 글을 써온 칼럼니스트이자 콜라보레이티브 펀드 파트너로 활동중인 모건 하우절의 첫 책이다. 출간 즉시 아마존 투자 분야 1위를 차지했고 개인 투자자부터 전문 컨설턴트까지 극찬 세례를 받으며 명실상부 ‘2020 아마존 최고의 금융도서’로 평가받는다.
9791198754066,어른의 기분 관리법 : 심리학편,"많은 독자의 호응을 이끌어낸 《어른의 기분 관리법》의 후속인 이 책은, 심리학에 기반해 ‘어른의 감정’을 더욱 깊이 있게 다룬다. 우리의 감정 문제부터 관계 속 문제 해결, 자신의 기분 관리, 불편한 감정과 어두움 활용법 등을 상세하게 알려준다."
9791192085111,이재명의 스피치 (부록 : 윤석열의 말과 심리) - 심리학자 김태형과 스피치 전문가 박사랑이 분석한,"‘스피치의 달인’ 이재명과 ‘스피치의 반면교사’ 윤석열, 두 대선후보의 ‘말하기’를 통해, 효과적인 스피치 전략과 심리분석을 동시에 시도한 책."
9791198934680,"잠시 쉬어 가세요, 런던의 심리상담실 - 불안한 영혼들을 위한 Dr. Yin의 감정 수업","오랜 상담 경험 중 가장 많은 사람이 겪었을 법한 사례들을 엄선하고 상담 과정을 공개해 불안과 우울에 직면하는 법, 자기감정을 이해하고 받아들이는 법, 내면의 평화를 찾는 방법을 알려준다. 또한 현대인이 흔히 겪는 자기 불신, 죄책감, 기대와 현실의 괴리, 가족과의 갈등 등을 깊이 있게 다루며, 심리적 균형을 되찾는 길을 안내한다."
9791172100964,꼭 알아야 할 심리의 기술 - 싸우지 않고 이기는 101가지 설득의 심리학,"‘그때 이렇게 말했어야 했는데!’ 하지만 이제부턴 기회를 놓칠 일도 없고, 속절없이 당할 걱정을 하지 않아도 된다. 비즈니스 심리 연구의 일인자, 신간 《꼭 알아야 할 심리의 기술》의 저자가 최신 심리학 이론을 바탕으로 ‘꼭 알아야 할 심리의 기술’ 101가지를 알려주기 때문이다."
9791173570223,마흔에 읽는 융 심리학 - 이렇게 계속 살아도 괜찮을까,"겉으로는 안정된 삶을 사는 듯 보이지만 내면은 더할 나위 없이 불안하고 공허한 현대인에게 깊은 통찰을 전하는 책이다. 제임스 홀리스는 마흔 즈음에 찾아오는 이 위기를 ‘진정한 자기를 찾으라는 초대장’으로 해석하면서, 의미 있고 충만한 삶을 찾아가는 방법을 심도 깊고 설득력 있게 제시한다."
9791164053018,감상의 심리학 - 예술 작품을 볼 때 머릿속에서는 무슨 일이 벌어질까?,"“감상은 미술 작품 앞에서 일어나는 특별한 심리 행동이다.” 근대와 현대, 서양과 동양을 아우르는 그림 감상의 법칙. 심리학 실험으로 예술 감상의 비밀을 밝히는 미술 교양서다."
9788962185706,심리상담과 치료의 이론과 실제 - 제11판,
9788963309262,현대 심리치료와 상담 이론 - 마음의 치유와 성장으로 가는 길,"현재 세계적으로 가장 널리 시행되고 있을 뿐만 아니라 이론적 체계를 잘 갖춘 12개의 치료적 입장을 소개하고 있다. 각 치료적 입장에서 제시하고 있는 성격 이론, 정신병리 이론, 치료 원리, 치료기법과 과정, 그리고 장단점을 심도 있게 살펴보고자 했다."
9788901078588,서른 살이 심리학에게 묻다 - 대한민국 30대를 위한 심리치유 카페,"심리학이 서른 살의 삶과 일, 사랑, 인간관계에 대해 들려주고 싶은 이야기들을 담고 있는 책. 지은이 김혜남은 ‘내 인생, 도대체 뭐가 문제인 걸까? 진정 내가 원하는 것은 무엇일까? 내게도 다시 사랑이 올까?’ 등을 고민하며 방황하는 서른 살을 위해 35개의 테마로 나누어 삶이 외롭고 우울한 진짜 이유들을 분석한다."
9791172624804,"2026 권은성 ZOOM 전공체육 스포츠심리학 - 중등 교원 임용 시험 대비, 박문각 임용","교원 임용후보자 선정경쟁시험을 준비하는 예비 체육교사들을 위해 집필된 기본서이다. 본서는 학습 효율을 높이기 위해 스포츠심리학의 핵심을 체계적으로 정리하였으며, 키워드별로 기출사항을 표시하여 출제 비중을 살필 수 있도록 구성하였다."
9791190538602,생각이 너무 많은 어른들을 위한 심리학 (10만 부 기념 스페셜 에디션) - 후회 없는 삶을 살고 싶은 당신에게 해 주고 싶은 말들,30만 독자의 공감을 얻은 《만일 내가 인생을 다시 산다면》의 작가 김혜남이 생각이 너무 많아 자꾸만 머뭇거리고 흔들리는 어른들에게 해 주고 싶은 말들을 담은 책이다. 30대를 어떻게 보내느냐에 따라 40대 이후의 삶은 정말 많이 달라진다.
9791173571602,놀면서 배우는 심리학 1 : 관계의 분리수거 - 잘 지내려 애쓸수록 상처받는 사람들을 위한 심리학,"구독자 86만 명, 누적 조회수 1.7억 회를 자랑하는 유튜브 〈놀면서 배우는 심리학〉은 김경일 교수, 박재연 소장, 유은정 원장 등 대한민국을 대표하는 심리학 멘토가 2백 명 이상 출연한 국내 심리학 구독자 1위 채널이다. 그중에서도 가장 많은 공감을 얻고 위로받았다는 고백이 쏟아진 인간관계의 심리학을 모아 도서를 출간했다."
9788950950002,설득의 심리학 1 (20주년 기념 개정증보판) - 사람의 마음을 사로잡는 7가지 불변의 원칙,세계적으로 ‘설득의 대부’로 불리는 로버트 치알디니의 베스트셀러 『설득의 심리학』이 전 세계 500만 부 판매를 기념하여 전면 개정판으로 돌아왔다. 국내 출간 이후 11년간 국내 독자들의 뜨거운 관심과 사랑을 받아온 『설득의 심리학』의 이번 개정 증보판은 시대의 흐름과 기술 변화를 반영한 새로운 내용들을 대거 추가됐다.
9788934986676,어제와 똑같은 내가 싫어서 심리학을 공부하기 시작했습니다 - 나를 바꾸는 39가지 방법,"커뮤니케이션 분야의 일본 최고 전문가인 저자가 쉽게 주눅 들어 소심해지거나 시간 개념이 약해서 늘 약속에 늦고, 눈치도 없고 의욕도 없어 사회생활이 힘든 사람들에게 알려주는 과학적이고 꽤 재미있는 개선 방법 서른아홉 가지를 담았다."
9788937428517,고흐로 읽는 심리 수업,김동훈 철학자가 빈센트 반 고흐의 삶과 그림을 통해 심리 용어들을 알기 쉽게 설명해 주는 『고흐로 읽는 심리 수업』이 민음사에서 출간되었다. 고흐의 그림 가운데 특히 화가의 마음을 엿볼 수 있는 작품을 골라 137점 수록했으며 그림의 소장처도 밝혔다.
9788932916163,전투의 심리학 - 개정판,"20년간 미 육군에서 복무한 예비역 중령인 데이브 그로스먼과 30년간 경찰 및 군 생활에 헌신한 로런 크리스텐슨, 두 베테랑이 현직에 근무하고 있는 군인, 경찰이 경험한 수백 건의 실제 전투 사례를 수집하고 문헌 연구를 통해 체계화시킨 전투에 관한 대백과사전이다."
9791173571619,놀면서 배우는 심리학 2 : 자존감 혁명 - 마음이 단단하고 내면이 성숙한 사람들의 비밀,"20명의 베테랑 심리학자가 폭넓고 다양한 내담자의 사례를 바탕으로 펼치는 자존감 수업은 다종다양한 방식으로 잔뜩 위축된 사람들에게 어떻게 마음을 내려놓는지를 전한다. 적어도 자존감 문제에 관한 한, 이 책은 국내 심리 치료의 거의 모든 솔루션을 담았다고 할 수 있다."
9791157688715,무조건 팔리는 심리 마케팅 기술 100 - 단번에 매출을 200% 올리는 설득의 심리학,"28세에 광고 제작회사 설립 후 1년에 혼자서 10억 원 매출을 올리고, 연간 100회 이상 강연하는 비즈니스 심리학 분야 인기 강사인 저자가 현장에서 터득한 설득의 심리기술 100가지를 담았다. 무언가를 팔려면 우선 고객의 흥미와 관심을 끌어야 한다."
9791191724783,그림책 아이 심리상담 - 심리상담 이론과 그림책을 유기적으로 연결한,"다양한 심리상담 이론과 그림책을 유기적으로 연결하여 교육 현장에서 실제로 적용할 수 있는 구체적인 사례와 지침이 담겨 있다. 교사와 부모 스스로 상담에 대한 자신감을 얻고, 아이들과 더 깊이 소통할 수 있는 기회를 가질 수 있을 것이다."
9791139717006,드디어 만나는 심리학 수업 - 유쾌하고 깔끔하게 정리하는 심리학 필수 지식,80여 명의 심리학자와 50여 개의 심리학 이론을 깔끔하게 정리해 준다. 독자들은 이제 애매모호하게 알고 있던 심리학 지식들을 확실히 내 것으로 만들 수 있다. 다양한 심리학 지식을 습득하는 과정에서 우리가 일상에서 마주하는 크고 작은 문제들을 하나씩 풀어나갈 수 있을 것이다.
9791192465210,"심리치료는 왜 경제적으로 옳은가 - 세계에서 가장 효과적인 심리치료 모델, 영국 IAPT 탄생 이야기","2008년 출범한 영국의 심리치료 접근성 향상 서비스(Improved Access to Psychological Therapy, IAPT)의 탄생 계기와 근거뿐 아니라 경제&#8231;사회적 성취를 고스란히 담은 책이다. 책은 영국의 대표적인 노동경제학자 리처드 레이어드 런던정경대 명예교수와 옥스퍼드대학교 심리학과 데이비드 클라크 교수가 함께 썼다."
9791194096108,세상에서 가장 재미있는 59가지 심리실험 - 위로와 공감편,"저명한 뇌과학자인 저자가 뇌과학, 정신의학, 사회심리학, 행동경제학 등 다양한 분야에서 전 세계 최고 권위를 가진 학자들의 흥미롭고도 기상천외한 59가지 심리실험을 통해 뇌과학과 심리학이 구체적인 일상의 삶에서 어떻게 사람의 마음을 움직이고 행동으로 이어지게 하는지, 상처받은 마음을 위로하고 공감대를 형성하는지 날카롭게 파헤친다."
9788952230645,아들러 심리학을 읽는 밤 - &lt;미움받을 용기&gt; 기시미 이치로의 아들러 심리학 입문,"&lt;미움받을 용기&gt;의 원전. 저자가 우연히 만나게 된 아들러 심리학에 빠져들며 깨닫게 된 지식과 통찰, 그리고 수많은 상담을 통해 얻은 임상 경험과 사례들 중에서 독자들에게 꼭 전달하고 싶은 정수만을 정리해서 명쾌하게 설명한 역작이다."
9791139700114,군중심리,"현대지성 클래식 39권. 지금껏 이해하기 어려웠던 팬덤 정치, 온라인 여론 형성 과정, 심지어 종교와 정치의 광기 등 최근의 여러 현상에 관해 명확한 관찰과 분석을 가능하게 한다."
9788901147093,진화심리학 - 마음과 행동을 탐구하는 새로운 과학,사람의 행동은 단순한 논리로는 이해하기 어려울 때가 많다. 이런 행동을 하게 만드는 인간의 본성은 무엇일까? 진화심리학은 이러한 인간 본성과 행동에 대한 수수께끼들을 푸는 과학이다. 진화심리학이 푸는 수수께끼는 일상적인 삶과 곧바로 연결되어 있다.
9791186757420,엄마 심리 수업 - 엄마의 무의식이 아이를 키운다,"엄마들이 자녀를 키우면서 갖는 다양한 감정과 심리적 기제 등이 평소 아이에게 어떤 영향을 미치는지 알려주고, 특히 미처 눈치채지 못한 엄마 무의식을 심도 있게 파헤쳐, 엄마가 자신의 핵심 감정을 알아채고 다뤄 아이에게 좋은 영향을 끼치도록 돕는다."
9788973435838,마케팅은 심리해킹이다,"브랜드 기획 및 마케팅 전문가인 저자 강미정은 이 책에서 소비자 마음속에 자리 잡은 보이지 않는 심리적 동기를 철저히 해부한다. 그리고 그들이 ‘왜’ 선택하게 되는지를 밝혀내는 데 그치지 않고, 이 모든 것을 실질적인 마케팅 전략으로 연결해 소개한다."
9791199180178,심리학하는 교회언니 헵시바의 결혼상담,"결혼은 단번에 이루어지는 것이 아니라 꾸준히 ‘성화’의 과정을 밟아 나가야 함을 알려 주고 섬세하고 명확한 어조로 성경적인 가이드를 제시한다. 특히, 유튜브 채널을 운영하면서 상담한 사례를 바탕으로 결혼이라는 막막한 여정을 구체적으로 가이드한다."
9791193866283,"초등 필수 고전 인문학 수업 - 문해력, 어휘력, 논리력이 자라나는","초등학생의 문해력, 어휘력, 비판적 사고력을 키우기 위한 초등 인문학 교재다. 동양 고전 《삼국유사》, 《홍길동전》, 《맹자》, 《장자》 등과 서양 고전 《이솝 우화》, 《걸리버 여행기》, 《어린 왕자》, 《노인과 바다》 등 현직 초중등 교사들이 꼽은 ‘중학생이 되기 전에 반드시 읽어야 하는 필수 고전 35편’을 묶었다."
9791192128597,"동네 병원 인문학 - 30년 내과 전문의가 말하는 병, 치료 그리고 삶","대사증후군이나 감기, 소화불량 등 동네 병원에서 주로 다루게 되는 질환들은 물론 불면증이나 면역력, 다이어트 등 현대인의 일상에서 빼놓을 수 없는 건강 문제들을 인문학적 시선으로 바라보며, ‘건강한 삶’이란 무엇인지 이야기하는 책이다."
9791173113581,처음 읽는 삼국지 2 - 혼돈에 맞선 자들,"삼국지는 삼국 시대 인물들의 인간관계를 통해 삶에 대한 다양한 가치관을 배울 수 있는 인문학 필독서다. 하지만 수많은 등장인물과 어려운 중국 지명, 관직 때문에 어렵게 느끼는 어린이들이 많다.  ≪처음 읽는 삼국지≫는 삼국지를 처음 접하는 어린이들을 위해, 흥미롭고 재미있는 만화와 풍성하고 친절한 설명을 넣어 탄생한 인문학 시리즈다."
9788932474892,유현준의 인문 건축 기행,건축가 유현준이 감명받거나 영감을 얻은 30개의 건축물을 소개한다. 이 작품들을 설계한 건축가들은 수백 년 된 전통을 뒤집거나 비트는 혁명적인 생각으로 건축의 새로운 시대를 열었다.
9791196851200,부의 인문학 (20만부 기념 개정증보판) - 슈퍼리치의 서재에서 찾아낸 부자의 길,"지금까지 인문학을 ‘투자’라는 렌즈를 통해 바라본 책은 없었다. 인문학을 이토록 쉽고 재미있게, 투자의 눈을 뜨게 하는 도구로 사용할 수 있다는 것만으로도 흥미롭다. 저자는 자기 안에서 소화된 인문학과 지금의 우리 현실을 씨실과 날실로 엮어가며 투자에 대한 거대한 태피스트리를 엮어간다."
9791129714398,책방 과학자의 인문학 필사 노트 - 인문학을 시작하는 모든 이를 위한 80 작품 속 최고의 문장들,"인문학을 통해 지식을 채우고, 삶의 통찰을 얻고자 하는 이들을 위해 엄선한 인문 교양 도서를 필사책으로 만난다. 《책방 과학자의 인문학 필사 노트》는 ‘과학책방 갈다’를 운영하는 천문학자이자 과학 커뮤니케이터 이명현 박사가 인문학 독서를 하려는 이들을 위해 그동안 자신이 쌓아온 독서 이력을 꼼꼼히 살펴, 함께 읽고 쓰면 좋을 책 80권을 큐레이팅한 책이다."
9791173073717,AI와 인문학의 주제들,"AI 기술이 인간의 기본적인 특징과 어떻게 연결되는지 탐구한다. 사고, 기록, 편향, 가치관 등 다양한 측면에서 AI의 영향을 비판적으로 분석하며 AI 시대에 인간이 추구해야 할 가치와 윤리적 문제도 다룬다. AI 기술의 발전이 사회에 미칠 변화와 인간의 역할을 성찰한다."
9791130663135,부모의 질문력 - 스스로 생각하고 답을 찾는 아이로 키우는 인문학 질문 100,지난 20년 동안 120권의 책을 펴내고 매년 100회 이상 강연을 진행하며 대한민국 부모들에게 자녀 교육의 진정한 지혜를 전해온 김종원 작가는 “부모가 아이에게 건네는 수없이 많은 말이 아이의 세계를 형성하고 생각의 깊이를 창조한다”라고 강조한다. 그중에서도 특히 ‘부모의 질문’은 독립적인 주체로 성장해 나가는 아이와의 관계에 따뜻한 오작교가 되어줌은 물론 아이의 사고력을 무한히 확장한다.
9788960867970,"생각하는 힘 노자 인문학 - 바로 지금 여기에서, 고유명사로 산다는 것","EBS &lt;인문학 특강&gt; 최진석 교수의 노자 강의. 단순히 노자 철학을 소개하거나 《도덕경》을 해설하는 책이 아니다. 저자는 노자와 《도덕경》을 화두로 삼아, 인류의 생각과 철학이 탄생하게 된 역사적 배경을 살피는 것부터 시작하여 인생 철학의 진수를 보여주고 있다."
9788992525633,인문학으로 광고하다 - 크리에이티브 디렉터 박웅현의 창의성과 소통의 기술,광고라는 도구를 사용하여 창의성에 대해 이야기하는 책이다. 박웅현이 만든 성공한 광고에 집중해서 창의성의 비밀을 이야기하고 있는 것이다. 박웅현은 우리에게 잘 알려진 수많은 광고를 만든 사람이다. 그는 한국적인 상황과 맥락에 맞는 창의성을 바탕으로 대중과 소통하고 공감을 얻어낸 광고를 제작해왔다.
9788987527376,"수학, 인문으로 수를 읽다","인문학적 사고를 기반으로, 실생활과 연계되어 있거나 다른 분야와 융합된 흥미로운 수학 원리를 독자들이 쉽게 이해할 수 있는 스토리텔링 방식으로 설명하고자 한다. 이러한 접근 방식은 7차 개정 교육과정 수학교과서 집필자이기도 한 저자의 고민이 반영된 것이다."
9791172611378,인문학 독자를 위한 니까야,"방대한 니까야 문헌을 분석하여 불교의 핵심 중의 핵심이라고 할 수 있는 가르침을 엄선하여 설명한다. 우리는 이 책을 통해 불교 본연의 의문과 해답이 무엇이었는지를 알게 될 것이고, 나아가 인류의 거대한 정신 유산인 불교와의 진지한 대화를 시작할 것이다."
9788996056164,"인문 고전 강의 - 오래된 지식, 새로운 지혜",이 책은 2009년 2월부터 11월까지 동대문구에 있는 정보화도서관에서 큰 호응을 받았던 강의를 바탕으로 한 것이다. 인간과 세계에 대한 근본적이고 총체적인 이해에 도움이 되는 고전들을 골라 지식에 관한 '총체적인 통찰'을 꾀하고 당면한 문제를 해결할 수 있는 지혜를 구하고자 한다.
9788983718648,걷기의 인문학 - 가장 철학적이고 예술적이고 혁명적인 인간의 행위에 대하여,"다양한 인간의 역사를 통해 '걷기'라는 가장 보편적인 행위의 가능성을 그려본다. 걷기와 생각하기, 걷기와 문화 사이의 관계와 연결 고리를 찾아내며, 속도 위주로 살아가고 있는 현대인들에게 걷을 수 있는 공간의 필요성을 강조한다."
9788997533596,영화 속 인문학 - 시네마 오디세이아,"영화는 사실적인 스토리와 서사에 그치지 않고 인간의 근본 문제를 미학적으로 표현하는 예술장르이기도 하다. 책과 신문이 이성적으로 설득한다면, 영화와 동영상 드라마는 우리의 감정에 호소하여 동정과 공감을 불러일으킨다. 영화는 새로운 기술 진보와 대규모 자본투자를 무기로 순식간에 엄청난 관객을 사로잡을 수 있으며, 현대 사회의 문화 양식 가운데 가장 영향력이 커지고 있다."
9791192908878,나의 미국 인문 기행,"2023년 12월 18일, 디아스포라 에세이스트 서경식이 세상을 떠나자, 많은 이들이 애도를 표했다. 그토록 많은 이들이 서경식의 죽음에 슬퍼한 것은, 그가 생전 날카로운 사유를 벼려낸 특유의 아름다운 글로 제자리 없이 헤매는 수많은 이들에게 벗이자 스승이 되어주었기 때문이리라. 이처럼 많은 이들의 벗이자 스승이었던 우리 시대의 경계인, 서경식의 유작 『나의 미국 인문 기행』이 반비에서 출간되었다."
9791168271104,"66일 인문학 대화법 - 1일 1문장으로 부모는 따뜻하게, 아이는 단단하게 자라는","대한민국 30만 학부모가 선택한 인문학 자녀교육의 멘토이자 『부모의 말』, 『내 아이를 위한 하루 한 줄 인문학』 김종원 작가의 책이다. 육아서를 아무리 읽어도 정작 ‘말’이 달라지지 않아 고민인 부모들에게 가뭄에 단비 같은 자녀교육 실용서이다."
9791172611392,인문학 독자를 위한 육조단경,"『육조단경』은 중국 당나라 시대의 선승인 혜능(慧能, 638-713)의 어록(語錄)으로, 한국 선불교를 포함하는 동아시아 선불교의 출발점이라고 할 수 있다. 『육조단경』의 내용을 잘 정리해서 소개하는 것은 물론, 그 내용 안에 담긴 심오한 의미를 명료하고도 평이한 언어로 풀어낸다."
9788997969197,고미숙의 몸과 인문학 - 동의보감의 눈으로 세상을 보다,"고전평론가 고미숙의 첫 칼럼집이다. 의역학의 가장 기본적인 토대가 되는 ‘몸’을 통해 정치·경제, 여성, 교육 등 다양한 사회제반의 현상들을 짚어본다. 저자는 몸이야말로 삶의 구체적인 현장이자 구원의 길이라고 믿는다."
9791172611385,인문학 독자를 위한 반야심경,『반야심경』은 대승불교의 진수인 공(空)에 대한 가르침을 품고 있는 경전이다. 『반야심경』은 우리에게 가장 친숙한 불교 경전 가운데 하나라고 할 수 있다. 하지만 우리가 『반야심경』에 대해서 실제로 아는 것은 무엇일까? 『반야심경』을 수도 없이 읽고 외운 신심 깊은 불자라 하더라도 『반야심경』의 내용을 얼마나 잘 이해하고 있을까?
9791193946329,인문학으로 스포츠하라 - Sport Literacy,"스포츠 리터러시(Sport Literacy)는 스포츠를 문화 현상으로 바라보고, 그것을 인문적으로 누리고 향유하는 자질이다. 그 자질은 개인의 생활을 더 즐겁게 하고 인생 전체를 보다 행복하게 이끌어 주며, 스포츠를 사회적·문화적 가치로 새롭게 인식하게 해준다. 스포츠 리터러시가 지금 우리 모두에게 절실한 이유가 여기에 있다."
9791192924229,B급 광고 인문학 - 광고인의 시선으로 떠나는 유쾌한 인문 여행기,광고인의 시선으로 펼쳐진 《B급 광고 인문학》은 우리가 잘 알고 있지만 쉽게 풀지 못한 역사와 인간에 대한 이야기를 광고로 풀어낸 책이다. 광고라는 매개체를 통해 ‘인문학’을 탐구하는 이 책은 고전적인 인문학을 넘어 유쾌하고 때로는 날카로운 시선으로 인간의 본질과 시대적 흐름을 보여준다.
9788990816375,희망의 인문학 - 클레멘트 코스 기적을 만들다,"빈민들을 동원해 훈련시키는 대신 그들 스스로 자신의 삶을 성찰하도록 돕는 클레멘트 코스. 자신을 돌아보는 힘을 밑천으로 자존감을 얻고, 자신의 삶의 질을 높이며 더 나아가 ‘행동하는 삶’을 살도록 함으로써 한 사회의 시민으로 자리잡을 수 있게 한다."
9791193842102,"하루 한 장 365 인문학 일력 (스프링) - 매일 한 뼘씩 부모와 아이 마음이 자라는, 개정판","육아에 지친 부모에게는 위로를, 아이에게는 삶의 지혜를 전하며 스테디셀러로 자리 잡은 《하루 한 장 365 인문학 달력》이 새롭게 돌아왔다. 개정판에는 기존에 수록되었던 김종원 작가의 대표 저서에서 발췌한 문장뿐만 아니라 저자의 SNS에서 폭발적인 반응을 이끌어낸 문장을 더했다."
9791140714476,"유망학과 100 (인문계용) - 21세기 초경쟁 시대, 평생 직업을 책임질 대학 진학 마인드맵","먼저 대학에 어떤 학과들이 있는지 차례에서 한눈에 보여준다. 또 해당 페이지에 연관학과와 인접학과를 마인드맵으로 실어 다양한 선택의 영역을 알려주고, 무엇을 배우는지, 이를 위해 어떤 공부와 대비를 해야 하는지 살펴볼 수 있게 했다."
9788974797959,인문학을 좋아하는 사람들을 위한 반야심경,"《반야심경》은 결코 난해하고 고루한 경전이 아니다. 2,600년 전 삶에 대해 치열하게 고민한 붓다가 밝혀낸 ‘행복으로 가는 길’이다. 오래된 길이지만, 아직까지 이보다 더 좋은 길은 없다."
9788974793739,인문학을 좋아하는 사람들을 위한 불교수업,"불교계 대표 잡지 월간 「불광」에 연재되었다. 연재 당시 독자들의 절대적인 호응은 물론 수행자들 사이에서도 큰 주목을 받았다. 무엇보다 이론과 실천, 교리와 수행이 하나가 된, 그야말로 몸으로 체득한 불교를 담아냈기 때문이다."
9791185541327,최진기의 교실밖 인문학 - 소크라테스부터 한나 아렌트까지,"&lt;아빠와 딸이 함께하는 최진기의 인문학 특강&gt;이 책으로 나왔다. 논술세대 자녀와 함께 읽을 수 있게, 쉽고 재미있는 스토리텔링으로 만든 인문학 책이다. 독자들이 흥미를 느낄 수 있고 쉽게 이해할 수 있도록 각 사상의 핵심을 스토리텔링으로 풀어 썼다."
9791157842858,퇴근길 인문학 수업 : 멈춤 - 바쁜 걸음을 멈추고 나를 둘러싼 세계와 마주하기,"매일매일 조금씩 나를 바꾸는 퇴근길 인문학 수업. 이 책은 서울경제신문사 백상경제연구소가 다년간 수십 명의 전문가 집단과 함께 이뤄낸 인문학 강연 콘텐츠의 집합체이다. ‘넓고 얕은’ 지식으로 인문학 읽기를 시작한 독자들에게, 이번에는 ‘틈새’ 읽기를 권한다."
9791159290299,지구 박물관 여행,"큰 판형으로 떠나는 아주 특별한 박물관 탐험. 박물관을 탐험하는 1,001가지 방법을 알려 준다. 로마, 빌바오, 파리, 상트페테르부르크, 베이징, 멕시코시티, 뉴욕…. 우리 함께 세계 박물관 일주에 나서 보자."
9791192604329,9일간의 영혼 여행 - 임사체험으로 알게 된 의식과 육체에 관한 새로운 진실,"화재로 인해 순식간에 불길 한가운데 서게 된 안케 에베르츠. 더 이상 어찌할 도리가 없다고 생각하고 죽음을 받아들인 순간, 그녀는 이상하리만치 고요하고 평온한 느낌과 함께 갑자기 몸 밖으로 나와 불타고 있는 자신의 몸을 바라보게 된다."
9788995501443,꾸뻬 씨의 행복 여행,"마음의 병을 앓고 있는 사람들을 치료하던 정신과 의사가 행복의 참된 의미를 찾아 여행을 떠난다는 내용을 담은 책. 행복에 대한 자기중심적인 집착에서 벗어나 자신에 대한 진정한 이해와 화해가 이루어질 때, 그리고 세계와의 올바른 소통을 위해 노력할 때, 행복의 순간이 다가온다는 메시지를 전한다."
9791190073752,에이든 우리나라 전국 여행지도 2025-2026 - 수만 시간 노력해 지도의 형태로 만든 전국 여행 가이드북,전국을 여행하고자 하는 사람에게 동선과 여행정보를 한 눈에 볼 수 있도록 만들어주는 가장 효율적인 여행지도다.  기존 자자체에서 만든 무늬만 여행지도가 아니다. 자세한 정보도 담고 있어서 여행동선을 짜고 여행을 계획하기에 최적화 되어있다.
9791191401981,"주아쌤의 툭 치면 탁 나오는 영어회화 (해외 여행 에디션) - 진짜 영어 듣고 말하기 수업, 리얼 영어 패턴 100",베스트셀러 《100일이면 나도 영어천재》의 저자이자 수천 명의 영포자를 영어천재로 변신시킨 최고의 영어 회화 트레이닝 전문가 주아쌤은 원어민과 술술 대화가 되는 리얼 영어 패턴 100개를 엄선해 한 권에 담았다.
9791138486125,"마녀의 여행 6 - 완결, S코믹스",기묘한 사제의 인연을 그린 시공을 넘어선 여행의 후편. 그리고 일레이나와 프랑이 축제를 위해 방문한 해변 마을과 삼켜져 들어간 책 속에서의 여행. 그리고 사야와의 재회. 만남과 이별을 반복하는 여로에서 재회를 바라는 기도를 올린다.
9788965422778,해커스톡 여행영어 10분의 기적 - 왕초보도 상황별로 바로 찾아 말하는 여행영어회화|하루 10분으로 왕초보 탈출ㅣ무료 해설강의/MP3ㅣ모바일 스피킹 훈련 프로그램,"상황별로 바로 찾아 말하는 여행영어회화 책이다. 출국부터 귀국까지 여행에서?만날 수 있는 모든 상황을 제시하고 입국 심사받을 때, 목적지 가는 방법 물어볼 때, 숙소 체크인할 때 등 상황별로 하고 싶은 말을 바로 찾아 말할 수 있다. 면세점 이용, 차량 렌트, 와이파이 사용, 유심 구매, 택스 리펀 등 최신 여행 경향에 맞는 표현을 수록했다."
9791193200087,혼자서 떠나는 여행 - 낯선 곳에서 침묵이 나에게 말을 걸어온다,"회사라는 굴레를 잠시 내려놓고 홀로 길을 나선 저자 정원철의 3년간, 3번에 걸친 세계 여행의 기록이다. 유럽, 북인도와 네팔, 남인도와 스리랑카까지 동서를 가로지르며 그는 ‘혼자 여행한다는 것’의 진짜 의미를 온 몸과 영혼을 다해 추구한다."
9788965422907,해커스 여행일본어 10분의 기적 - 상황별 장소별로 바로 말하는 여행 일본어회화 | 일본어 회화 무료 동영상강의,"여행 가서 만나게 되는 모든 상황별, 장소별로 특화된 표현을 통해 어디를 가든 바로 말할 수 있도록 구성했다. 히라가나/카나타카 읽기,?개수/인원수 말하기, 금액 말하기 등 어디서나?기본적으로 많이 쓰는?단어와 표현 수록했다."
9791190888387,봄날의 여행 컬러링북 - 색칠할수록 행복해지는,"전국의 유명한 봄나들이 명소를 가득 담았다. 봄바람 살랑살랑 부는 어느 날, 봄 처녀가 찾아가는 봄날의 여행지를 따라가 보세요. 서울부터 제주도까지 전국의 명소를 컬러링북에서도 만날 수 있다."
9791171712977,경복궁 환상 여행 - 궁궐에 숨은 73가지 동물을 찾아서,"150여 년 전 경복궁이 중건되었을 때, 옛사람들이 궁궐 곳곳에 숨겨둔 동물들을 찾아 떠나는 여행 가이드서다. 《백제금동대향로 동물백과》 출간으로 ‘본격 한국 유물 입덕’을 이끌었던 ‘유물시선’이 이번엔 경복궁의 동물과 그들의  의미, 전각에 얽힌 사연과 조선의 이상세계로 우리를 안내한다."
9788970135472,은하수를 여행하는 히치하이커를 위한 안내서 - 합본,"이 책은 코믹 SF 장르를 개척한 작품이자 최고작으로, 한마디로 말해 '범우주적인 거대한 농담'이다. 재기발랄하고 유쾌한 상상력, 별난 캐릭터들의 좌충우돌 행각, 블랙 코미디적인 유머감각과 경쾌한 풍자, 진지하고 심각한 주제를 아무렇지도 않게 말하기. 그야말로 우스운 상황과 대화들이 가득하다."
9791156627357,이 일도 여행이 된다면 - 스마트폰 하나로 여행을 본업으로 만든 크리에이터의 성장일지,"인스타그램, 유튜브, 블로그 등 다양한 채널의 크리에이터를 꿈꾸는 이들을 위한 현실적인 지침서이다. 직장인 시절부터 취미삼아 운영했던 인스타그램을 통해 크리에이터로서 새로운 삶을 살게 된 작가가 팔로워 32만명을 갖게 될 때까지의 본인의 경험담, 시행착오, 현실적인 조언 등을 담았다."
9791191114591,여행의 이유 (개정증보판),"2019년 출간 직후 독자들의 열렬한 호응 속에 읽혀온 김영하 산문 『여행의 이유』 개정증보판이 복복서가에서 출간된다. 코로나 팬데믹 이후 우리의 일상에서 여행이란 과연 어떤 것이었는지, 김영하만의 현란하면서도 명쾌한 사유의 경로를 통해 비로소 이해해보게 되는 글 「여행이 불가능한 시대의 여행법」이 추가된 이번 『여행의 이유』 개정증보판은 김영하 산문의 정수로 불릴 만하다."
9791194171560,줍는 순간 - 안희연의 여행 2005~2025,우리는 나날이 슬픔이 차오르는 천국에서 살아 있다는 사실과 싸우며 살아간다는 사실을 간절한 문장으로 써내려온 시인 안희연. 그의 2005년부터 2025년까지의 여행을 담은 산문집 『줍는 순간』이 출간되었다.
9788949171197,에드워드 툴레인의 신기한 여행,"2006년 '보스턴 글로브 혼 북 상' 수상작. 몸과 마음이 모두 차가운 도자기 토끼 인형, 에드워드 툴레인이 여행을 통해 사랑만 받고 그것을 당연한 것으로 여기던 교만한 삶에서 벗어나 진정 누군가를 사랑하고 남의 말에 귀 기울일 줄 알게 된다는 감동의 메시지를 담고 있다."
9791197680458,우주여행자를 위한 생존법 - 경이로운 우주를 탐험하기 전 알아야 할 것들,"우주의 실제 모습을 보여 주고, 우주의 위협에서 생존하기 위해 무엇을 알아야 하는지 그동안 인류가 알아낸 모든 사실을 과학적으로, 그리고 유쾌하게 설명한다. 우주를 동경하는 독자들이 곁에 두고 길라잡이로 삼을 만한 책이다."
9791194033707,"오사카 디저트 여행 - 나만 알고 싶은 오사카, 교토, 고베의 로컬 맛집, 감성 스폿 추천","오사카, 교토, 고베 최고의 디저트 맛집만을 골라 소개한다! 100년이 넘은 전통 맛집부터 현지인만 아는 최신 유행 카페까지, 수년간 디저트 맛집 1,000여 곳을 실제로 방문한 저자가 오사카·교토·고베 베스트 맛집 60곳만을 엄선하여 이 책 한 권에 담았다."
9791170400097,너와 함께라면 인생도 여행이다 - 나태주 시집,'자세히 보아야 예쁘다/오래 보아야 사랑스럽다/너도 그렇다' 단 세 구절로 수많은 독자들의 사랑을 받은 '풀꽃'의 나태주 시인이 새 시집을 낸다. 시인이 그동안 써온 시들을 엄선하여 독자들에게 건넬 만한 온전한 진심을 추려낸 결과물이다.
9771599932003,여행스케치 2025.5,
9791158682798,읽으면서 바로 써먹는 어린이 세계 여행,"세계 230여 개 나라 중 100개국을 선정하여 대륙별로 나누어 그 나라의 위치와 국기, 수도, 인구와 같은 기본 정보와 함께 랜드마크와 그 나라만의 독특한 문화·자연환경과 관련된 다양한 정보를 담았다. 세계를 배우고 세상을 보는 눈을 넓혀 세계를 향해 한 발짝 다가가 보자."
9791190077439,"할머니의 용궁 여행 - 2021 경남독서한마당 선정도서, 2021 국가인권위원회 인권도서관 어린이인권도서 목록 추천도서, 2021 읽어주기좋은책 선정도서, 2020 문학나눔 선정도서","바람 그림책 91권. 아윤이의 할머니는 경상도 바닷가 마을의 해녀이다. 할머니가 물질하러 바다로 나가면 아윤이는 집에서 할머니를 기다린다. 그러던 어느 날, 할머니가 늦게까지 돌아오지 않자 아윤이는 할머니가 걱정되어 바닷가로 가는데…."
9791194278122,대전 건축 여행 - 일상의 풍경 속에서 살아있는 근대의 시간을 걷다,김예슬은 10년 넘게 1000곳이 넘는 전국의 건축물을 여행지 삼아 오래된 이야기를 발굴해 온 '건축 여행자'다. 서울의 근현대 건축물을 다룬 『서울 건축 여행』으로 많은 사랑을 받았다. 이번에는 한층 깊어진 시선으로 대전과 그 인접 도시들을 여행한다.
9791141601706,다만 여행자가 될 수 있다면,"박완서 작가가 생전에 남한산성과 강릉 등의 국내 지역부터 바티칸, 티베트, 에티오피아 등의 미지의 해외, 그리고 우리에게 형용하기 어려운 감정을 불러일으키는 개성과 백두산에 이르기까지 다양한 곳을 방문하고 남긴 생생한 여행기이다."
9791190073349,에이든 국내여행 가이드북 (2024-2025 개정증보2판) - 국내 4500 여개 여행지를 담은 우리나라 국내 여행 바이블,오랜 시간이 걸려 300여 페이지가 추가된 총 864페이지의 거대한 개정 증보 2판을 출간하게 되었다. 기존 500여 페이지로는 전국을 담기 어려웠다. 17년 차 여행콘텐츠 전문가인 대표부터 전 직원이 전국을 돌고 촬영하고 편집과정에 참여했다.
9788936448813,불량한 자전거 여행,50만 독자를 사로잡으며 국내 창작동화 분야 스테디셀러로 자리매김한 『불량한 자전거 여행』의 개정판이 출간되었다. 이번 개정판은 첫 출간 후 달라진 시대상과 감수성을 꼼꼼히 반영하여 초판보다 더한층 섬세해졌다.
9791167621153,"하와이 렌터카 여행 - 자동차 여행에 최적화된 섬, 하와이","하와이를 가장 완벽하게 여행할 수 있는 방법은 렌터카를 이용하는 것. 하와이 렌터카 여행의 기본기를 익히는 필수 가이드북이다. 오아후, 빅아일랜드, 마우이, 카우아이, 라나이까지 하와이 주요 섬 별 렌터카 이용 방법과 현지인만 아는 알뜰 주차 꿀팁, 핵심 여행 코스 등 하와이 렌터카 여행에 모든 것을 총정리했다."
9791197934087,어반 풍경화 컬러링북 : 미국 편 - 신나고 즐거운 세계 여행 스케치,드넓은 미국의 각기 다른 도시의 매력을 담아낸 김소라 작가의 《어반 풍경화 컬러링북 미국 편》이 새롭게 출간되었다. 미국의 다양하고 멋진 도시의 랜드마크 스물여섯 곳을 고르고 골라 스케치하고 다채로운 빛깔의 색연필로 담아냈다.
9788936442996,불량한 자전거 여행 2 - 마지막 여행,창비아동문고 299권. 부모의 이혼 결정에 화가 나 집을 뛰쳐나온 호진이의 이야기 &lt;불량한 자전거 여행&gt;은 2009년 출간된 이후 꾸준히 독자들에게 사랑받았다. 2권은 호진이가 엄마 아빠와 함께 자전거를 타고 부산에서 출발해 서울까지 달리는 모습을 그린다.
9791187468295,40일간의 남미 배낭여행 - 기자가 걷고 시인이쓴,"남미 관련 여행 책자는 시중에 제법 많이 나와 있지만, &lt;기자가 걷고 시인이 쓴 40일간의 남미 배낭여행&gt;은 현장성과 역사성 그리고 감수성이 절묘하게 버무려진 탁월한 기행문이다. 정보 전달은 기본이고, 남미의 역사와 문화 그리고 예술이 유려한 문장 속에 흥건히 녹아 있다."
8800289290022,옥씨부인전 포토에세이,"매회 시청률을 갱신하며 뜨거운 반응을 일으킨 드라마 &lt;옥씨부인전&gt; 포토에세이가 전격 출간되었다. 조선 시대가 배경인 이 작품은 노비에서 양반으로 신분을 바꾼 한 여인의 치열한 생존기와 사랑을 그려 화제를 모았으며, 캐릭터의 복잡한 내면을 완벽히 소화한 주연 배우들의 섬세한 연기로 국내외 시청자들을 사로잡았다."
8800289290039,언더커버 하이스쿨 포토에세이,배우 서강준의 군 제대 후 첫 복귀작으로 화제를 모았던 드라마 &lt;언더커버 하이스쿨&gt; 포토에세이가 출간되었다. 고등학생 신분으로 위장 잠입한 국정원 요원 정해성 역할을 맡은 배우 서강준은 화려한 액션과 좌충우돌 코믹 연기를 선보여 시청자들을 사로잡았다.
9791194246800,삶이라는 완벽한 농담 - 이경규 에세이,"방송인 이경규가 첫 에세이를 펴냈다. 1981년 MBC 공채 1기 개그맨으로 데뷔한 이래로 나이가 들어도 끊임없이 탐구하고 발전해온 저자가 인생에 대한 애정과 책임감으로 무장한 채 온몸으로 뛰어들어 배우고 감각했던 삶과 일, 꿈을 대하는 눈부신 이야기를 한 권의 책에 오롯이 담았다."
8800289290015,사랑은 외나무다리에서 포토에세이,"&lt;궁&gt; 이후 오랜만에 로맨스물에 도전한 주지훈과 로코의 정석 윰블리 정유미가 주연을 맡아 화제를 모았던 드라마 &lt;사랑은 외나무다리에서&gt; 포토에세이가 출간되었다. 집안 대대로 원수인 두 주인공 석지원과 윤지원. 학창시절 뜨겁게 사랑했지만, 운명의 장난으로 아픈 이별을 했던 두 남녀를 중심으로 이야기를 풀어간다."
8800289290046,놀아주는 여자 포토에세이,"2024년 6월, 한여름을 뜨겁게 달궜던 드라마 〈놀아주는 여자〉가 방영 1주년을 맞이했다. 오랜 기간 작품과 배우들을 잊지 않고 기억해 준 팬들을 위해 &lt;놀아주는 여자&gt;가 포토에세이로 다시 독자들을 찾아왔다."
9788965745853,청소년을 위한 경제학 에세이 - 한진수 교수와 함께 경제학으로 세상 바라보기,해냄 청소년 에세이 시리즈. 청소년들이 궁금해할 법한 다양하고 재미있는 사례를 저자 특유의 날카롭고 유쾌한 해설과 함께 파헤쳐 나가다 보면 자신도 모르는 사이 경제학자의 시선으로 세상을 바라보게 될 것이다.
9791192186313,시맨틱 에러 포토에세이,왓챠 오리지널 드라마 ‘시맨틱 에러’ 포토에세이. 베스트셀러이자 스테디셀러인 원작의 인기에 힘입어 웹툰화에 이어 드라마화를 성사시키며 크랭크인 전부터 장르 팬들의 이목을 집중시킨 이슈작이다. 방영 내내 왓챠 TOP10 1위를 차지했다.
9791173551864,"당신과 나의 하루, 에세이로 피어나다 - 학원장 8인이 전하는 일상 속 삶의 메시지 40","경험과 글을 통해 인생 메시지를 나누고 싶은 여덟 명이 뭉쳤다. 저자들이 당신에게 건네고자 하는 삶의 노하우가 궁금하다면? 주저하지 말고 『당신과 나의 하루, 에세이로 피어나다』를 펼치길 바란다. 각양각색의 이야기, 그 속에서 발견할 수 있는 40개의 보석 같은 인생 노하우는 분명 당신의 내일에 큰 도움이 될 것이다."
9791169084307,우리가 반짝이는 계절,"첫 소설집 &lt;일의 기쁨과 슬픔&gt;으로 수많은 독자들의 마음을 흔든 작가 장류진의 첫 에세이. 2008년, 교환학생으로 떠났던 핀란드에서 처음 인연을 맺은 친구 예진과 함께 15년 만에 다시 핀란드로 떠난 장류진 작가는 질문한다. ""우리가 오래도록 그리워했던 것들은 여전히 그 자리에 그대로 있을까?"""
9791130664835,공부보다 소중한 너의 미래에게 - 불안의 시간을 건너는 청소년들을 위한 공부 철학 에세이,"출간 도서 누적 판매량 100만 부, 유튜브 채널 총 조회 수 3억 6000만 회, ‘공신’ 혹은 ‘공부의 신’으로 불리는 대한민국 최고의 공부 멘토 강성태. 지난 20년간 가장 빠르고 확실하게 성적 올리는 법을 전하면서 수많은 학생들의 삶을 바꿔준 그가 3년 만에 새 책으로 돌아왔다."
9788976046987,에세이로 읽는 채근담 - 가슴을 채우는 지혜의 징검다리,"부귀한 사람에게는 경각심을, 가난한 사람에게는 위안을, 성공한 사람에게는 충고를, 실패한 사람에게는 새로운 용기를 주는 『채근담』이 문예춘추사의 〈에세이로 읽는 동양고전〉 네 번째 시리즈로 출간되었다."
9788965749455,청소년을 위한 법학 에세이 - 곽한영 교수와 함께 생각해 보는 사람을 향한 법 이야기,청소년의 눈높이에서 ‘법이란 무엇인지’ ‘법 제도는 어떻게 만들어지는지’ ‘법을 다루는 사람들의 역할은 무엇인지’ 등 쉽게 알려주는 법학 관련 교양 도서이다. 법의 태동에서 현재까지 법의 역사와 법의 진화과정에 있었던 흥미로운 사건들을 종횡으로 아우르며 재미있게 설명한다.
9788925560908,도깨비 포토에세이,"케이블 방송사임에도 높은 시청률을 기록하며, 매회 화제를 불러일으킨 tvN 드라마 [도깨비]. &lt;도깨비 포토에세이&gt;는 매회 숱한 명장면 명대사를 쏟아낸 드라마의 감동을 고스란히 전하도록 구성되었다."
9791194299394,산티아고 순례길 에세이 컬러링북 - 나의 버킷리스트,산티아고 순례길 풍경을 그리고 색칠하며 묵상하는 에세이 컬러링북이다. 모든 게 자유롭고 어떠한 규칙도 없다. 그림은 오로지 목적지인 산티아고를 향해 걸어가는 주인공 시점이다. 그림 속으로 들어가 순례자가 되어 그 길 위에 있다고 상상하며 그려 보자.
9788965743217,청소년을 위한 사회학 에세이 - 구정화 교수가 들려주는 교실 밖 세상 이야기,경인교육대학교 구정화 교수가 일상 속 사회 문화 현상과 사회학의 주요 내용을 청소년의 눈높이에 맞춰 펴낸 책이다. 본격적인 사회학 입문서로서 무엇보다 2012년 사회문화(개정판) 교과서의 주요 내용을 충분히 반영하여 교양과 학과 과목을 이어준다. 또한 사회학사의 주요 실험을 다룬 ‘재미있는 연구’와 ‘개념 정리’ 팁 박스 등 다양한 읽을거리와 장치를 통해 청소년들의 흥미를 유발한다.
9791191775075,에세이즘,"에세이라는 형식을 깊고 다채롭게 탐구하는 책. 조이스 캐럴 오츠, 올리비아 랭, 존 밴빌 등이 칭송한 작가 브라이언 딜런의 대표작으로, 위대한 에세이스트들의 작품을 하나하나 추적하며 그 다양한 곁을 들여다보고 글에 깃든 여러 속성을 재탐색한다."
9788972977148,"동양철학 에세이 1 - 혼란 속에서 피어난 철학의 향연, 개정증보판",스테디셀러 &lt;동양철학 에세이&gt; 1권의 개정판이 2권 출간과 더불어 시리즈로 새롭게 선보인다. 대학 신입생과 일반인들의 동양철학 입문서로 기획되었던 &lt;동양철학 에세이&gt; 1권은 세월이 흐르면서 독자 연령층이 점차 넓어졌다.
9791191401912,"마음이 요동칠 때, 기꺼이 나는 혼자가 된다 - 생각을 멈추고 몸을 움직여 알게 된 것들","배우 김지호 첫 산문집. 10년간 꾸준히 요가와 명상으로 다진 몸 근육, 마음 근육에 대해 이야기한다. 괴로움과 절망 속에서도 시선을 내 안으로 돌려 나에게 집중하는 힘을 갖게 되기까지의 과정을 많은 이들과 나누고 싶어 첫 산문집을 냈다."
9788965745044,청소년을 위한 인권 에세이 - 구정화 교수가 들려주는 살아 있는 인권 이야기,대한민국 청소년들의 인권 감수성을 키우는 교실 밖 인권 교과서. &lt;청소년을 위한 사회학 에세이&gt;등의 도서 집필을 통해 십대들이 사회 속에서 건강한 개인과 주체적인 구성원으로 성장하는 데 앞장서 온 구정화 교수는 이 책에서 ‘인권 감수성’을 강조한다.
9788972975168,철학 에세이 - 개정4판,"1983년에 처음 출간되어 20년이 넘는 지금까지 꾸준하게 사랑받고 있는 철학 스테디셀러 <철학 에세이>의 개정 4판. 변증법적 유물론을 쉽게 해설했을 뿐만 아니라, 철학이란 저 너머 허공에 있는 학문이 아니라 실생활에서 우리의 삶을 성찰하고 바꾸어 가는 데 필요한 도구임을 조곤조곤 이야기한다."
9791191308198,50 홍정욱 에세이,"홍정욱의 &lt;7막 7장&gt; 이후 27년 만의 첫 책으로, 지난 10년간 SNS에 올린 글귀들에 기억에 남는 일화와 이야기를 더해 진솔하게 써내려갔다. 50세가 되어, 음악 공연의 인터미션처럼 삶의 휴식시간에 자신을 되돌아보고 싶었던 저자 홍정욱의 마음이 오롯이 담긴 책이다."
9791130604626,이토록 공부가 재미있어지는 순간 (50만 부 기념 우리들 에디션) - 공부에 지친 청소년들을 위한 힐링 에세이,족집게 같은 공부법을 전하는 것도 아닌 이 책이 그토록 열광적인 인기를 누리며 50만 청소년들의 마음을 뒤흔들어놓은 비결은 무엇일까? 그 이유는 바로 이 책이 ‘공부의 본질’을 전하기 때문이다.
9791193282212,행복했으면 좋겠어 너에게는 늘 따스하고 예쁜 날들만 가득하기를,
9791198409102,정년이 포토에세이,"여성 국극단을 배경으로 자신의 꿈과 목표를 이루기 위해 노래하고, 겨루고, 사랑하며 성장하는 소녀들의 치열한 삶의 이야기를 그린 드라마 &lt;정년이&gt;의 사진집이다. 많은 이가 울고 웃고 열광했던 그 장면을 명대사와 함께 고화질 이미지로 표현했으며, 정년이의 모든 서사를 담고자 힘을 기울였다."
9791167140142,청소년을 위한 행동경제학 에세이 - 한진수 교수가 알려주는 마음과 행동의 경제학,&lt;청소년을 위한 경제학 에세이&gt;에서 경제학적 사고방식으로 세상을 바라보는 법을 알려준 한진수 교수는 &lt;청소년을 위한 행동경제학 에세이&gt;를 통해 청소년들에게 후회 없이 선택하고 합리적으로 의사결정을 하는 방법을 알려준다.
9791190216524,밤호수의 에세이 클럽 - 진짜 내 이야기로 에세이 쓰기,"‘밤호수’는 저자의 블로그 닉네임으로, 모윤숙 시인의 「밤호수」라는 시의 제목에서 따왔다. 현재 메릴랜드주에서 15년째 미국 생활 중인 저자는 온라인 에세이 쓰기 수업 ‘밤호수의 에세이 클럽’을 4년째 운영해 오고 있다. 『밤호수의 에세이 클럽』은 지난 4년간의 실전 수업을 바탕으로 에세이 쓰기 노하우를 담은 책이다."
9788930041683,허송세월 - 김훈 문장 엽서(부록),"삶의 어쩔 수 없는 비애와 아름다움을 누구보다 잘 이해하는 우리 시대의 문장가, 김훈. 그가 《연필로 쓰기》 이후 5년 만에 독자들을 다시 한번 사로잡을 산문으로 돌아왔다. 그 어느 때보다 치열하고 치밀했던 그의 ‘허송세월’을 담은 40여 편의 글이 실렸다."
9791169083638,연인 포토에세이,"새로운 사극 열풍을 몰고 온 mbc 드라마 [연인]이 포토에세이로 재탄생했다. 어느 날, 능군리로 들어온 의문스러운 사내 장현(남궁민 분)과 자신의 인연을 스스로 개척해나가겠다는 야심찬 여인 길채(안은진 분)의 뜨겁고 애달픈 사랑 이야기를 한 권의 포토에세이에 담았다."
9788965743439,청소년을 위한 정신 의학 에세이 - 정신건강의학과 전문의 하지현 교수가 청소년을 위해 쉽게 풀어쓴 정신 의학에 관한 모든 것,"대도시를 살아가는 현대인의 모습을 분석한 스테디셀러 &lt;도시심리학&gt;의 저자이자 정신건강의학과 전문의 하지현 교수가 우리 뇌의 기능과 정신 문제들을 풍부한 예시와 임상 사례로 설명한다. 「고교독서평설」에 2년간 연재한 원고를 모아 다듬고 정신의학적 총론을 새로이 집필해 정리한 것으로, 정신병리의 주요 쟁점들을 통해 우리 자신에 대해 더 깊이 이해할 수 있도록 구성했다."
9788989354802,"아이작 아시모프의 과학 에세이 - 청소년을 위한, 개정판","SF소설 '파운데이션 시리즈'로 널리 알려진 아이작 아시모프의 과학 산책. 총 60개의 글로 꾸며져 있으며, 과학에 관한 매우 가벼운 이야기부터, 많은 통찰을 필요로 하는 이야기까지 다양하게 다루어져 있다. SF소설가 못지 않게 다양한 지식을 섭렵한 이로서의 아시모프의 면모를 발견할 수 있는 과학 에세이집이다."
